fkre,fkre,fkgl,fkgl,fogi,fogi,smog,smog,cole,cole,auto,auto
gold,generated,gold,generated,gold,generated,gold,generated,gold,generated,gold,generated
12.950785255429794,5.2924793514836335,22.54861425512389,26.011575405322727,28.701746405628633,32.256271336800246,11.587442337106149,12.40729244417253,15.162678189048638,14.809796573875802,26.354612419700214,30.81934108289997
28.561424055018087,39.14707749603247,10.030597823857287,14.147656973566187,10.336453266709748,14.545975971223918,3.764673190198933,4.721685797080045,2.2164885326520123,2.464432907507602,12.738404113563265,17.99738409688167
-333.371,-197.615,6.311,6.217,10.15,8.969,0.0,0.0,7.802,6.261,5.72,6.407
2.67,-8.085,16.792,17.666,22.815,23.667,9.329,9.329,13.66,13.118,19.089,20.248
17.009,12.846,20.577,22.472,26.733,28.619,11.22,11.892,15.045,14.684,23.714,26.103
29.321,29.003,25.451,29.742,31.892,36.0,13.398,14.75,16.556,16.32,29.975,35.103
80.098,81.956,154.161,97.404,163.263,105.737,35.676,36.579,25.251,24.759,194.066,122.723
