,fkre,fkgl,fogi,smog,cole,auto
count,3269.0,3269.0,3269.0,3269.0,3269.0,3269.0
mean,5.2924793514836335,26.011575405322727,32.256271336800246,12.40729244417253,14.809796573875802,30.81934108289997
std,39.14707749603247,14.147656973566187,14.545975971223918,4.721685797080045,2.464432907507602,17.99738409688167
min,-197.615,6.217,8.969,0.0,6.261,6.407
25%,-8.085,17.666,23.667,9.329,13.118,20.248
50%,12.846,22.472,28.619,11.892,14.684,26.103
75%,29.003,29.742,36.0,14.75,16.32,35.103
max,81.956,97.404,105.737,36.579,24.759,122.723
