,fkre,fkgl,fogi,smog,cole,auto
count,3269.0,3269.0,3269.0,3269.0,3269.0,3269.0
mean,12.950785255429794,22.54861425512389,28.701746405628633,11.587442337106149,15.162678189048638,26.354612419700214
std,28.561424055018087,10.030597823857287,10.336453266709748,3.764673190198933,2.2164885326520123,12.738404113563265
min,-333.371,6.311,10.15,0.0,7.802,5.72
25%,2.67,16.792,22.815,9.329,13.66,19.089
50%,17.009,20.577,26.733,11.22,15.045,23.714
75%,29.321,25.451,31.892,13.398,16.556,29.975
max,80.098,154.161,163.263,35.676,25.251,194.066
