"","eval_metric","cohens_d","gold_mean","gen_mean"
"1","fkre",0.223499043963369,12.9507852554298,5.29247935148363
"2","fkgl",-0.282387855878025,22.5486142551239,26.0115754053227
"3","fogi",-0.281702793754432,28.7017464056286,32.2562713368002
"4","smog",-0.191998994688644,11.5874423371061,12.4072924441725
"5","cole",0.150563351157551,15.1626781890486,14.8097965738758
"6","auto",-0.286361580832543,26.3546124197002,30.8193410829
