"","eval_metric","p_value","gold_mean","gen_mean"
"1","fkre",2.15991496513417e-19,12.9507852554298,5.29247935148363
"2","fkgl",7.10425480868914e-30,22.5486142551239,26.0115754053227
"3","fogi",9.69084824225168e-30,28.7017464056286,32.2562713368002
"4","smog",9.68478269674793e-15,11.5874423371061,12.4072924441725
"5","cole",1.21549066847024e-09,15.1626781890486,14.8097965738758
"6","auto",1.15190434821542e-30,26.3546124197002,30.8193410829
