,fkre,fkgl,fogi,smog,cole,auto,t_word,t_stopword,t_punct,t_syll,t_syll2,t_syll3,t_uword,t_sent,t_char,t_kup,t_bry,t_subtlex_us_zipf,t_n_ent_law
count,3269.0,3269.0,3269.0,3269.0,3269.0,3269.0,3269.0,3269.0,3269.0,3269.0,3269.0,3269.0,3269.0,3269.0,3269.0,3269.0,3269.0,3269.0,3269.0
mean,5.2924793514836335,26.011575405322727,32.256271336800246,12.40729244417253,14.809796573875802,30.81934108289997,160.5022942795962,58.409299479963295,19.563169164882225,242.30957479351483,36.70021413276231,13.804833282349342,81.70296726827776,3.1410217191801775,764.5601101254206,725.6490608748853,581.6604698684613,694.2959611501989,0.22208626491281738
std,39.14707749603247,14.147656973566187,14.545975971223918,4.721685797080045,2.464432907507602,17.99738409688167,76.75858934468717,31.59349338300411,11.750572339083654,115.16731842525759,18.685703384407155,8.700924338446562,29.54064157489673,1.9428799324463346,360.0253524657714,379.991265626934,307.65686726695077,339.6270309473947,0.5410802727776494
min,-197.615,6.217,8.969,0.0,6.261,6.407,28.0,5.0,1.0,35.0,3.0,0.0,18.0,1.0,120.0,44.99,31.536,102.607,0.0
25%,-8.085,17.666,23.667,9.329,13.118,20.248,89.0,30.0,10.0,136.0,21.0,7.0,56.0,2.0,428.0,378.49,302.351,384.765,0.0
50%,12.846,22.472,28.619,11.892,14.684,26.103,160.0,56.0,18.0,242.0,35.0,12.0,84.0,3.0,764.0,707.88,561.962,683.621,0.0
75%,29.003,29.742,36.0,14.75,16.32,35.103,244.0,87.0,28.0,352.0,52.0,19.0,107.0,4.0,1125.0,1081.0,869.513,1035.688,0.0
max,81.956,97.404,105.737,36.579,24.759,122.723,281.0,135.0,85.0,509.0,98.0,64.0,148.0,22.0,1519.0,1517.12,1274.352,1317.443,5.0
