,fkre,fkgl,fogi,smog,cole,auto,t_word,t_stopword,t_punct,t_syll,t_syll2,t_syll3,t_uword,t_sent,t_char,t_kup,t_bry,t_subtlex_us_zipf,t_n_ent_law
count,3269.0,3269.0,3269.0,3269.0,3269.0,3269.0,3269.0,3269.0,3269.0,3269.0,3269.0,3269.0,3269.0,3269.0,3269.0,3269.0,3269.0,3269.0,3269.0
mean,12.950785255429794,22.54861425512389,28.701746405628633,11.587442337106149,15.162678189048638,26.354612419700214,209.05781584582442,72.48791679412665,25.870908534720098,319.1942490058122,49.0477210156011,18.608748852860202,100.09574793514837,4.704802691954726,1007.8754970939125,958.4314897522178,764.3430645457327,882.9348595900886,0.29825634750688285
std,28.561424055018087,10.030597823857287,10.336453266709748,3.764673190198933,2.2164885326520123,12.738404113563265,136.57553367740203,50.447752741269234,19.56181179863099,204.9335442123015,32.50698331678725,13.827032905827176,45.61376295079483,3.4556171166074026,646.1916303320356,650.2699147125811,523.7541604257608,577.8095864536571,0.6865110693512049
min,-333.371,6.311,10.15,0.0,7.802,5.72,11.0,2.0,1.0,19.0,2.0,0.0,11.0,1.0,53.0,25.08,29.5,48.67,0.0
25%,2.67,16.792,22.815,9.329,13.66,19.089,108.0,35.0,12.0,166.0,25.0,9.0,66.0,2.0,525.0,476.33,372.024,452.264,0.0
50%,17.009,20.577,26.733,11.22,15.045,23.714,182.0,62.0,21.0,278.0,43.0,16.0,95.0,4.0,878.0,829.15,658.951,763.686,0.0
75%,29.321,25.451,31.892,13.398,16.556,29.975,279.0,98.0,34.0,428.0,65.0,25.0,127.0,6.0,1344.0,1289.52,1029.839,1188.576,0.0
max,80.098,154.161,163.263,35.676,25.251,194.066,912.0,387.0,170.0,1341.0,225.0,116.0,319.0,29.0,4202.0,4478.61,3642.328,3995.888,7.0
